{"initial_reset_timestamp": 1601564904.2678916, "timestamps": [1601564905.1934147], "episode_lengths": [36], "episode_rewards": [36.0], "episode_types": ["t"]}